{
    "worsening_limit_1000_best_solution": {
        "aggregation": 311,
        "latency": 188.03184570312493,
        "RU_latency": {
            "1": 0.008056640625,
            "2": 0.008056640625,
            "3": 2.908056640625,
            "4": 2.908056640625,
            "5": 0.008056640625,
            "6": 0.008056640625,
            "7": 0.008056640625,
            "8": 0.008056640625,
            "9": 0.008056640625,
            "10": 0.008056640625,
            "11": 0.008056640625,
            "12": 0.008056640625,
            "13": 0.008056640625,
            "14": 1.038056640625,
            "15": 0.008056640625,
            "16": 0.008056640625,
            "17": 0.008056640625,
            "18": 2.908056640625,
            "19": 1.038056640625,
            "20": 2.908056640625,
            "21": 1.038056640625,
            "22": 1.038056640625,
            "23": 0.518056640625,
            "24": 1.038056640625,
            "25": 0.518056640625,
            "26": 1.038056640625,
            "27": 1.038056640625,
            "28": 0.518056640625,
            "29": 0.0166015625,
            "30": 1.038056640625,
            "31": 0.518056640625,
            "32": 1.038056640625,
            "33": 1.038056640625,
            "34": 0.518056640625,
            "35": 1.038056640625,
            "36": 0.518056640625,
            "37": 1.038056640625,
            "38": 1.038056640625,
            "39": 0.518056640625,
            "40": 1.038056640625,
            "41": 3.9380566406249997,
            "42": 0.0166015625,
            "43": 3.418056640625,
            "44": 3.9380566406249997,
            "45": 3.418056640625,
            "46": 0.0166015625,
            "47": 3.418056640625,
            "48": 3.418056640625,
            "49": 0.0166015625,
            "50": 3.9380566406249997,
            "51": 3.418056640625,
            "52": 3.9380566406249997,
            "53": 0.0166015625,
            "54": 3.9380566406249997,
            "55": 3.418056640625,
            "56": 0.0166015625,
            "57": 3.418056640625,
            "58": 3.418056640625,
            "59": 3.418056640625,
            "60": 3.9380566406249997,
            "61": 0.518056640625,
            "62": 0.518056640625,
            "63": 1.038056640625,
            "64": 1.038056640625,
            "65": 1.038056640625,
            "66": 0.518056640625,
            "67": 0.518056640625,
            "68": 0.518056640625,
            "69": 1.038056640625,
            "70": 1.038056640625,
            "71": 0.518056640625,
            "72": 2.068056640625,
            "73": 0.0166015625,
            "74": 1.038056640625,
            "75": 0.0166015625,
            "76": 1.038056640625,
            "77": 0.518056640625,
            "78": 1.038056640625,
            "79": 1.038056640625,
            "80": 0.518056640625,
            "81": 1.038056640625,
            "82": 1.038056640625,
            "83": 0.518056640625,
            "84": 0.0166015625,
            "85": 0.518056640625,
            "86": 0.518056640625,
            "87": 0.518056640625,
            "88": 0.518056640625,
            "89": 1.038056640625,
            "90": 0.518056640625,
            "91": 1.038056640625,
            "92": 1.038056640625,
            "93": 1.038056640625,
            "94": 0.518056640625,
            "95": 0.518056640625,
            "96": 1.038056640625,
            "97": 1.038056640625,
            "98": 1.038056640625,
            "99": 0.518056640625,
            "100": 0.518056640625,
            "101": 0.518056640625,
            "102": 0.0166015625,
            "103": 0.518056640625,
            "104": 1.038056640625,
            "105": 1.038056640625,
            "106": 1.038056640625,
            "107": 1.038056640625,
            "108": 0.518056640625,
            "109": 1.038056640625,
            "110": 1.038056640625,
            "111": 1.038056640625,
            "112": 0.518056640625,
            "113": 0.518056640625,
            "114": 0.518056640625,
            "115": 1.038056640625,
            "116": 1.038056640625,
            "117": 1.038056640625,
            "118": 1.038056640625,
            "119": 1.038056640625,
            "120": 0.518056640625,
            "121": 0.518056640625,
            "122": 1.038056640625,
            "123": 1.038056640625,
            "124": 0.518056640625,
            "125": 1.038056640625,
            "126": 0.518056640625,
            "127": 1.038056640625,
            "128": 0.518056640625,
            "129": 1.038056640625,
            "130": 0.518056640625,
            "131": 0.518056640625,
            "132": 0.518056640625,
            "133": 0.518056640625,
            "134": 0.518056640625,
            "135": 1.038056640625,
            "136": 0.518056640625,
            "137": 1.038056640625,
            "138": 1.038056640625,
            "139": 0.0166015625,
            "140": 1.038056640625,
            "141": 0.518056640625,
            "142": 1.038056640625,
            "143": 0.518056640625,
            "144": 0.518056640625,
            "145": 0.0166015625,
            "146": 1.038056640625,
            "147": 0.518056640625,
            "148": 1.038056640625,
            "149": 1.038056640625,
            "150": 2.068056640625,
            "151": 1.038056640625,
            "152": 0.518056640625,
            "153": 0.518056640625,
            "154": 0.518056640625,
            "155": 1.038056640625,
            "156": 0.518056640625,
            "157": 0.518056640625,
            "158": 0.518056640625,
            "159": 0.518056640625,
            "160": 3.9380566406249997,
            "161": 1.038056640625,
            "162": 1.038056640625,
            "163": 1.038056640625,
            "164": 0.518056640625,
            "165": 1.038056640625,
            "166": 1.038056640625,
            "167": 1.038056640625,
            "168": 0.518056640625,
            "169": 1.038056640625,
            "170": 1.038056640625,
            "171": 0.518056640625,
            "172": 0.518056640625,
            "173": 1.038056640625,
            "174": 0.0166015625,
            "175": 1.038056640625,
            "176": 0.518056640625,
            "177": 1.038056640625,
            "178": 1.038056640625,
            "179": 0.518056640625,
            "180": 1.038056640625,
            "181": 1.038056640625,
            "182": 1.038056640625,
            "183": 1.038056640625,
            "184": 1.038056640625,
            "185": 0.518056640625,
            "186": 0.518056640625,
            "187": 1.038056640625,
            "188": 0.518056640625,
            "189": 1.038056640625,
            "190": 0.518056640625
        }
    }
}