{
    "worsening_limit_1000_best_solution": {
        "aggregation": 78,
        "latency": 185.81367187500004,
        "RU_latency": {
            "1": 5.8066015625,
            "2": 5.8066015625,
            "3": 5.8066015625,
            "4": 0.0166015625,
            "5": 5.8066015625,
            "6": 6.6666015625,
            "7": 5.8066015625,
            "8": 2.0866015625,
            "9": 1.0266015625,
            "10": 6.6666015625,
            "11": 6.8166015625,
            "12": 6.6666015625,
            "13": 6.8166015625,
            "14": 8.7366015625,
            "15": 6.8166015625,
            "16": 6.6666015625,
            "17": 1.0266015625,
            "18": 8.7366015625,
            "19": 1.0266015625,
            "20": 6.6666015625,
            "21": 1.0266015625,
            "22": 6.6666015625,
            "23": 1.0266015625,
            "24": 1.0266015625,
            "25": 1.0266015625,
            "26": 1.0266015625,
            "27": 1.0266015625,
            "28": 1.0266015625,
            "29": 1.0266015625,
            "30": 8.7366015625,
            "31": 1.0266015625,
            "32": 1.0266015625,
            "33": 1.0266015625,
            "34": 1.0266015625,
            "35": 6.8166015625,
            "36": 1.0266015625,
            "37": 6.8166015625,
            "38": 3.0966015625,
            "39": 7.6766015625,
            "40": 1.0266015625,
            "41": 6.6666015625,
            "42": 1.0266015625,
            "43": 7.6766015625,
            "44": 1.0266015625,
            "45": 6.6666015625,
            "46": 3.0966015625
        }
    }
}