{
    "worsening_limit_1000.0": {
        "aggregation": 14,
        "latency": 63.40031249999999,
        "RU_latency": {
            "1": 0.0166015625,
            "2": 0.0166015625,
            "3": 0.0166015625,
            "4": 0.0166015625,
            "5": 0.0166015625,
            "6": 0.0166015625,
            "7": 0.0166015625,
            "8": 0.0166015625,
            "9": 0.03515625,
            "10": 0.03515625,
            "11": 0.03515625,
            "12": 0.03515625,
            "13": 0.03515625,
            "14": 0.03515625,
            "15": 6.8166015625,
            "16": 0.03515625,
            "17": 0.03515625,
            "18": 0.03515625,
            "19": 6.8166015625,
            "20": 0.03515625,
            "21": 6.8166015625,
            "22": 0.03515625,
            "23": 0.03515625,
            "24": 8.7366015625,
            "25": 0.03515625,
            "26": 6.8166015625,
            "27": 0.03515625,
            "28": 8.7366015625,
            "29": 0.03515625,
            "30": 0.03515625,
            "31": 0.03515625,
            "32": 0.03515625,
            "33": 0.03515625,
            "34": 0.03515625,
            "35": 0.03515625,
            "36": 0.03515625,
            "37": 8.7366015625,
            "38": 0.03515625,
            "39": 0.03515625,
            "40": 0.03515625,
            "41": 0.03515625,
            "42": 0.03515625,
            "43": 0.03515625,
            "44": 0.03515625,
            "45": 8.7366015625,
            "46": 0.03515625
        }
    }
}