{
    "worsening_limit_1000": {
        "aggregation": 14,
        "latency": 51.6284765625,
        "RU_latency": {
            "1": 0.0166015625,
            "2": 0.0166015625,
            "3": 0.0166015625,
            "4": 5.8066015625,
            "5": 2.0866015625,
            "6": 0.0166015625,
            "7": 0.0166015625,
            "8": 5.8066015625,
            "9": 0.03515625,
            "10": 0.03515625,
            "11": 3.0966015625,
            "12": 0.03515625,
            "13": 0.03515625,
            "14": 0.03515625,
            "15": 0.03515625,
            "16": 0.03515625,
            "17": 0.03515625,
            "18": 0.03515625,
            "19": 0.03515625,
            "20": 0.03515625,
            "21": 6.8166015625,
            "22": 0.03515625,
            "23": 0.03515625,
            "24": 0.03515625,
            "25": 0.03515625,
            "26": 0.03515625,
            "27": 0.03515625,
            "28": 0.03515625,
            "29": 0.03515625,
            "30": 0.03515625,
            "31": 0.03515625,
            "32": 8.7366015625,
            "33": 0.03515625,
            "34": 0.03515625,
            "35": 0.03515625,
            "36": 0.03515625,
            "37": 0.03515625,
            "38": 0.03515625,
            "39": 0.03515625,
            "40": 0.03515625,
            "41": 0.03515625,
            "42": 0.03515625,
            "43": 0.03515625,
            "44": 0.03515625,
            "45": 0.03515625,
            "46": 0.03515625,
            "47": 8.7366015625,
            "48": 0.03515625,
            "49": 0.03515625,
            "50": 0.03515625,
            "51": 0.03515625,
            "52": 0.03515625,
            "53": 0.03515625,
            "54": 0.03515625,
            "55": 0.03515625,
            "56": 0.03515625,
            "57": 0.03515625,
            "58": 0.03515625,
            "59": 0.03515625,
            "60": 8.7366015625,
            "61": 0.03515625,
            "62": 0.03515625
        }
    }
}