{
    "worsening_limit_0.5": {
        "aggregation": 0,
        "latency": 0.90625,
        "RU_latency": {
            "1": 0.0166015625,
            "2": 0.0166015625,
            "3": 0.0166015625,
            "4": 0.0166015625,
            "5": 0.0166015625,
            "6": 0.0166015625,
            "7": 0.0166015625,
            "8": 0.0166015625,
            "9": 0.03515625,
            "10": 0.03515625,
            "11": 0.03515625,
            "12": 0.03515625,
            "13": 0.03515625,
            "14": 0.03515625,
            "15": 0.03515625,
            "16": 0.03515625,
            "17": 0.03515625,
            "18": 0.03515625,
            "19": 0.03515625,
            "20": 0.03515625,
            "21": 0.03515625,
            "22": 0.03515625,
            "23": 0.03515625,
            "24": 0.03515625,
            "25": 0.03515625,
            "26": 0.03515625,
            "27": 0.03515625,
            "28": 0.03515625,
            "29": 0.03515625,
            "30": 0.03515625
        }
    },
    "worsening_limit_1.0": {
        "aggregation": 0,
        "latency": 0.90625,
        "RU_latency": {
            "1": 0.0166015625,
            "2": 0.0166015625,
            "3": 0.0166015625,
            "4": 0.0166015625,
            "5": 0.0166015625,
            "6": 0.0166015625,
            "7": 0.0166015625,
            "8": 0.0166015625,
            "9": 0.03515625,
            "10": 0.03515625,
            "11": 0.03515625,
            "12": 0.03515625,
            "13": 0.03515625,
            "14": 0.03515625,
            "15": 0.03515625,
            "16": 0.03515625,
            "17": 0.03515625,
            "18": 0.03515625,
            "19": 0.03515625,
            "20": 0.03515625,
            "21": 0.03515625,
            "22": 0.03515625,
            "23": 0.03515625,
            "24": 0.03515625,
            "25": 0.03515625,
            "26": 0.03515625,
            "27": 0.03515625,
            "28": 0.03515625,
            "29": 0.03515625,
            "30": 0.03515625
        }
    },
    "worsening_limit_1.5": {
        "aggregation": 30,
        "latency": 15.777929687499999,
        "RU_latency": {
            "1": 0.0166015625,
            "2": 0.0166015625,
            "3": 0.0166015625,
            "4": 0.0166015625,
            "5": 0.0166015625,
            "6": 0.0166015625,
            "7": 0.0166015625,
            "8": 0.0166015625,
            "9": 1.0266015625,
            "10": 0.03515625,
            "11": 1.0266015625,
            "12": 0.03515625,
            "13": 1.0266015625,
            "14": 0.03515625,
            "15": 1.0266015625,
            "16": 0.03515625,
            "17": 1.0266015625,
            "18": 0.03515625,
            "19": 1.0266015625,
            "20": 0.03515625,
            "21": 1.0266015625,
            "22": 0.03515625,
            "23": 1.0266015625,
            "24": 1.0266015625,
            "25": 1.0266015625,
            "26": 1.0266015625,
            "27": 1.0266015625,
            "28": 1.0266015625,
            "29": 1.0266015625,
            "30": 1.0266015625
        }
    },
    "worsening_limit_2.0": {
        "aggregation": 30,
        "latency": 15.777929687499999,
        "RU_latency": {
            "1": 0.0166015625,
            "2": 0.0166015625,
            "3": 0.0166015625,
            "4": 0.0166015625,
            "5": 0.0166015625,
            "6": 0.0166015625,
            "7": 0.0166015625,
            "8": 0.0166015625,
            "9": 1.0266015625,
            "10": 0.03515625,
            "11": 1.0266015625,
            "12": 0.03515625,
            "13": 1.0266015625,
            "14": 0.03515625,
            "15": 1.0266015625,
            "16": 0.03515625,
            "17": 1.0266015625,
            "18": 0.03515625,
            "19": 1.0266015625,
            "20": 0.03515625,
            "21": 1.0266015625,
            "22": 0.03515625,
            "23": 1.0266015625,
            "24": 1.0266015625,
            "25": 1.0266015625,
            "26": 1.0266015625,
            "27": 1.0266015625,
            "28": 1.0266015625,
            "29": 1.0266015625,
            "30": 1.0266015625
        }
    },
    "worsening_limit_2.5": {
        "aggregation": 34,
        "latency": 26.127929687500014,
        "RU_latency": {
            "1": 0.0166015625,
            "2": 0.0166015625,
            "3": 2.0866015625,
            "4": 0.0166015625,
            "5": 2.0866015625,
            "6": 2.0866015625,
            "7": 2.0866015625,
            "8": 2.0866015625,
            "9": 1.0266015625,
            "10": 0.03515625,
            "11": 1.0266015625,
            "12": 0.03515625,
            "13": 1.0266015625,
            "14": 0.03515625,
            "15": 1.0266015625,
            "16": 0.03515625,
            "17": 1.0266015625,
            "18": 0.03515625,
            "19": 1.0266015625,
            "20": 0.03515625,
            "21": 1.0266015625,
            "22": 0.03515625,
            "23": 1.0266015625,
            "24": 1.0266015625,
            "25": 1.0266015625,
            "26": 1.0266015625,
            "27": 1.0266015625,
            "28": 1.0266015625,
            "29": 1.0266015625,
            "30": 1.0266015625
        }
    },
    "worsening_limit_3.0": {
        "aggregation": 34,
        "latency": 32.33792968750002,
        "RU_latency": {
            "1": 2.0866015625,
            "2": 2.0866015625,
            "3": 2.0866015625,
            "4": 2.0866015625,
            "5": 2.0866015625,
            "6": 2.0866015625,
            "7": 2.0866015625,
            "8": 2.0866015625,
            "9": 1.0266015625,
            "10": 0.03515625,
            "11": 1.0266015625,
            "12": 0.03515625,
            "13": 1.0266015625,
            "14": 0.03515625,
            "15": 1.0266015625,
            "16": 0.03515625,
            "17": 1.0266015625,
            "18": 0.03515625,
            "19": 1.0266015625,
            "20": 0.03515625,
            "21": 1.0266015625,
            "22": 0.03515625,
            "23": 1.0266015625,
            "24": 1.0266015625,
            "25": 1.0266015625,
            "26": 1.0266015625,
            "27": 1.0266015625,
            "28": 1.0266015625,
            "29": 1.0266015625,
            "30": 1.0266015625
        }
    },
    "worsening_limit_3.5": {
        "aggregation": 36,
        "latency": 38.54792968750001,
        "RU_latency": {
            "1": 0.0166015625,
            "2": 0.0166015625,
            "3": 2.0866015625,
            "4": 2.0866015625,
            "5": 2.0866015625,
            "6": 2.0866015625,
            "7": 2.0866015625,
            "8": 2.0866015625,
            "9": 1.0266015625,
            "10": 0.03515625,
            "11": 1.0266015625,
            "12": 0.03515625,
            "13": 1.0266015625,
            "14": 0.03515625,
            "15": 1.0266015625,
            "16": 0.03515625,
            "17": 1.0266015625,
            "18": 0.03515625,
            "19": 3.0966015625,
            "20": 0.03515625,
            "21": 1.0266015625,
            "22": 0.03515625,
            "23": 3.0966015625,
            "24": 1.0266015625,
            "25": 3.0966015625,
            "26": 1.0266015625,
            "27": 3.0966015625,
            "28": 1.0266015625,
            "29": 3.0966015625,
            "30": 1.0266015625
        }
    },
    "worsening_limit_4.0": {
        "aggregation": 36,
        "latency": 40.61792968750001,
        "RU_latency": {
            "1": 0.0166015625,
            "2": 2.0866015625,
            "3": 2.0866015625,
            "4": 2.0866015625,
            "5": 2.0866015625,
            "6": 2.0866015625,
            "7": 2.0866015625,
            "8": 2.0866015625,
            "9": 3.0966015625,
            "10": 0.03515625,
            "11": 1.0266015625,
            "12": 0.03515625,
            "13": 1.0266015625,
            "14": 0.03515625,