{
    "worsening_limit_1000_best_solution": {
        "aggregation": 230,
        "latency": 213.7851367187502,
        "RU_latency": {
            "1": 2.908056640625,
            "2": 0.008056640625,
            "3": 2.908056640625,
            "4": 0.008056640625,
            "5": 1.038056640625,
            "6": 1.038056640625,
            "7": 0.008056640625,
            "8": 2.908056640625,
            "9": 0.008056640625,
            "10": 1.038056640625,
            "11": 0.008056640625,
            "12": 2.908056640625,
            "13": 0.008056640625,
            "14": 1.038056640625,
            "15": 0.008056640625,
            "16": 1.038056640625,
            "17": 0.008056640625,
            "18": 1.038056640625,
            "19": 0.008056640625,
            "20": 1.038056640625,
            "21": 3.338056640625,
            "22": 0.518056640625,
            "23": 0.518056640625,
            "24": 0.518056640625,
            "25": 0.518056640625,
            "26": 0.518056640625,
            "27": 0.518056640625,
            "28": 3.338056640625,
            "29": 3.338056640625,
            "30": 0.518056640625,
            "31": 3.338056640625,
            "32": 0.518056640625,
            "33": 0.518056640625,
            "34": 3.338056640625,
            "35": 0.518056640625,
            "36": 0.518056640625,
            "37": 0.518056640625,
            "38": 0.518056640625,
            "39": 3.338056640625,
            "40": 3.338056640625,
            "41": 3.338056640625,
            "42": 4.368056640625,
            "43": 3.338056640625,
            "44": 3.338056640625,
            "45": 0.518056640625,
            "46": 0.518056640625,
            "47": 0.518056640625,
            "48": 0.518056640625,
            "49": 3.418056640625,
            "50": 0.518056640625,
            "51": 0.518056640625,
            "52": 3.338056640625,
            "53": 0.518056640625,
            "54": 0.518056640625,
            "55": 0.518056640625,
            "56": 3.338056640625,
            "57": 0.518056640625,
            "58": 0.518056640625,
            "59": 0.518056640625,
            "60": 3.338056640625,
            "61": 0.518056640625,
            "62": 0.518056640625,
            "63": 0.518056640625,
            "64": 0.518056640625,
            "65": 3.338056640625,
            "66": 0.518056640625,
            "67": 3.338056640625,
            "68": 0.518056640625,
            "69": 0.518056640625,
            "70": 0.518056640625,
            "71": 0.518056640625,
            "72": 0.518056640625,
            "73": 0.518056640625,
            "74": 0.518056640625,
            "75": 0.518056640625,
            "76": 0.518056640625,
            "77": 3.338056640625,
            "78": 0.518056640625,
            "79": 4.368056640625,
            "80": 3.338056640625,
            "81": 3.338056640625,
            "82": 3.338056640625,
            "83": 0.518056640625,
            "84": 0.518056640625,
            "85": 0.518056640625,
            "86": 3.338056640625,
            "87": 0.518056640625,
            "88": 0.518056640625,
            "89": 0.518056640625,
            "90": 0.518056640625,
            "91": 0.518056640625,
            "92": 0.518056640625,
            "93": 0.518056640625,
            "94": 3.338056640625,
            "95": 0.518056640625,
            "96": 0.518056640625,
            "97": 3.848056640625,
            "98": 3.848056640625,
            "99": 3.928056640625,
            "100": 1.028056640625,
            "101": 1.028056640625,
            "102": 1.548056640625,
            "103": 1.028056640625,
            "104": 3.848056640625,
            "105": 1.028056640625,
            "106": 1.028056640625,
            "107": 3.848056640625,
            "108": 3.848056640625,
            "109": 1.548056640625,
            "110": 2.5780566406250003,
            "111": 4.368056640625,
            "112": 4.358056640625,
            "113": 4.878056640625,
            "114": 1.538056640625,
            "115": 1.538056640625,
            "116": 1.538056640625,
            "117": 2.058056640625,
            "118": 2.058056640625,
            "119": 4.878056640625,
            "120": 2.058056640625,
            "121": 2.058056640625,
            "122": 4.878056640625,
            "123": 4.878056640625,
            "124": 2.5780566406250003,
            "125": 2.5780566406250003,
            "126": 5.398056640625001
        }
    }
}