{
    "worsening_limit_1000_best_solution": {
        "aggregation": 435,
        "latency": 240.7274707031251,
        "RU_latency": {
            "1": 0.008056640625,
            "2": 0.008056640625,
            "3": 0.008056640625,
            "4": 0.008056640625,
            "5": 0.008056640625,
            "6": 0.008056640625,
            "7": 0.008056640625,
            "8": 0.008056640625,
            "9": 0.008056640625,
            "10": 0.008056640625,
            "11": 0.008056640625,
            "12": 0.008056640625,
            "13": 0.008056640625,
            "14": 0.008056640625,
            "15": 0.008056640625,
            "16": 0.008056640625,
            "17": 0.008056640625,
            "18": 0.008056640625,
            "19": 0.008056640625,
            "20": 0.008056640625,
            "21": 1.038056640625,
            "22": 1.038056640625,
            "23": 0.518056640625,
            "24": 1.038056640625,
            "25": 1.038056640625,
            "26": 1.548056640625,
            "27": 0.0166015625,
            "28": 1.038056640625,
            "29": 0.518056640625,
            "30": 0.518056640625,
            "31": 0.518056640625,
            "32": 1.038056640625,
            "33": 1.038056640625,
            "34": 0.518056640625,
            "35": 0.518056640625,
            "36": 0.518056640625,
            "37": 1.038056640625,
            "38": 0.518056640625,
            "39": 0.518056640625,
            "40": 1.038056640625,
            "41": 1.038056640625,
            "42": 0.518056640625,
            "43": 0.518056640625,
            "44": 0.518056640625,
            "45": 0.518056640625,
            "46": 1.038056640625,
            "47": 1.038056640625,
            "48": 0.518056640625,
            "49": 1.038056640625,
            "50": 1.038056640625,
            "51": 0.518056640625,
            "52": 1.038056640625,
            "53": 0.518056640625,
            "54": 1.038056640625,
            "55": 0.518056640625,
            "56": 0.518056640625,
            "57": 0.518056640625,
            "58": 0.518056640625,
            "59": 0.518056640625,
            "60": 1.038056640625,
            "61": 0.518056640625,
            "62": 0.518056640625,
            "63": 1.038056640625,
            "64": 0.518056640625,
            "65": 1.038056640625,
            "66": 0.518056640625,
            "67": 1.038056640625,
            "68": 0.518056640625,
            "69": 1.038056640625,
            "70": 1.038056640625,
            "71": 0.518056640625,
            "72": 0.518056640625,
            "73": 0.518056640625,
            "74": 0.518056640625,
            "75": 1.038056640625,
            "76": 1.038056640625,
            "77": 0.518056640625,
            "78": 1.038056640625,
            "79": 1.038056640625,
            "80": 0.518056640625,
            "81": 0.0166015625,
            "82": 1.038056640625,
            "83": 1.038056640625,
            "84": 0.518056640625,
            "85": 0.518056640625,
            "86": 0.518056640625,
            "87": 0.518056640625,
            "88": 0.518056640625,
            "89": 1.038056640625,
            "90": 0.518056640625,
            "91": 1.038056640625,
            "92": 1.038056640625,
            "93": 0.518056640625,
            "94": 1.038056640625,
            "95": 1.038056640625,
            "96": 1.038056640625,
            "97": 0.518056640625,
            "98": 1.038056640625,
            "99": 0.518056640625,
            "100": 1.038056640625,
            "101": 0.518056640625,
            "102": 1.038056640625,
            "103": 1.038056640625,
            "104": 1.038056640625,
            "105": 1.038056640625,
            "106": 0.518056640625,
            "107": 1.038056640625,
            "108": 0.518056640625,
            "109": 1.038056640625,
            "110": 1.038056640625,
            "111": 1.038056640625,
            "112": 0.518056640625,
            "113": 0.0166015625,
            "114": 0.518056640625,
            "115": 1.038056640625,
            "116": 1.038056640625,
            "117": 1.038056640625,
            "118": 1.038056640625,
            "119": 1.038056640625,
            "120": 0.518056640625,
            "121": 3.418056640625,
            "122": 3.9380566406249997,
            "123": 1.038056640625,
            "124": 0.518056640625,
            "125": 1.038056640625,
            "126": 0.518056640625,
            "127": 1.038056640625,
            "128": 0.518056640625,
            "129": 0.0166015625,
            "130": 0.0166015625,
            "131": 0.518056640625,
            "132": 0.518056640625,
            "133": 0.518056640625,
            "134": 0.518056640625,
            "135": 1.038056640625,
            "136": 0.518056640625,
            "137": 1.038056640625,
            "138": 1.038056640625,
            "139": 0.518056640625,
            "140": 1.038056640625,
            "141": 0.518056640625,
            "142": 0.518056640625,
            "143": 3.9380566406249997,
            "144": 1.038056640625,
            "145": 1.038056640625,
            "146": 1.038056640625,
            "147": 1.548056640625,
            "148": 1.038056640625,
            "149": 1.038056640625,
            "150": 1.038056640625,
            "151": 1.038056640625,
            "152": 1.038056640625,
            "153": 0.518056640625,
            "154": 0.518056640625,
            "155": 0.518056640625,
            "156": 1.548056640625,
            "157": 0.518056640625,
            "158": 1.038056640625,
            "159": 0.518056640625,
            "160": 3.9380566406249997,
            "161": 1.038056640625,
            "162": 0.0166015625,
            "163": 0.518056640625,
            "164": 1.038056640625,
            "165": 1.038056640625,
            "166": 1.038056640625,
            "167": 1.038056640625,
            "168": 1.038056640625,
            "169": 0.518056640625,
            "170": 1.038056640625,
            "171": 0.518056640625,
            "172": 0.518056640625,
            "173": 1.038056640625,
            "174": 0.518056640625,
            "175": 1.038056640625,
            "176": 1.038056640625,
            "177": 1.038056640625,
            "178": 1.038056640625,
            "179": 1.038056640625,
            "180": 1.038056640625,
            "181": 1.038056640625,
            "182": 1.038056640625,
            "183": 1.038056640625,
            "184": 2.068056640625,
            "185": 1.038056640625,
            "186": 0.518056640625,
            "187": 1.038056640625,
            "188": 0.518056640625,
            "189": 1.038056640625,
            "190": 0.518056640625,
            "191": 1.038056640625,
            "192": 1.038056640625,
            "193": 2.068056640625,
            "194": 0.518056640625,
            "195": 0.518056640625,
            "196": 1.038056640625,
            "197": 1.038056640625,
            "198": 2.068056640625,
            "199": 1.038056640625,
            "200": 3.9380566406249997,
            "201": 1.038056640625,
            "202": 0.518056640625,
            "203": 0.518056640625,
            "204": 1.548056640625,
            "205": 0.518056640625,
            "206": 1.038056640625,
            "207": 2.068056640625,
            "208": 0.518056640625,
            "209": 0.518056640625,
            "210": 1.038056640625,
            "211": 1.038056640625,
            "212": 1.038056640625,
            "213": 1.038056640625,
            "214": 2.068056640625,
            "215": 0.518056640625,
            "216": 0.518056640625,
            "217": 1.038056640625,
            "218": 3.9380566406249997,
            "219": 1.038056640625,
            "220": 0.518056640625,
            "221": 2.068056640625,
            "222": 3.098056640625,
            "223": 1.548056640625,
            "224": 0.0166015625,
            "225": 2.5780566406250003,
            "226": 2.068056640625,
            "227": 1.548056640625,