{
    "worsening_limit_1000": {
        "aggregation": 30,
        "latency": 49.399179687499995,
        "RU_latency": {
            "1": 0.008056640625,
            "2": 0.008056640625,
            "3": 0.008056640625,
            "4": 0.008056640625,
            "5": 0.008056640625,
            "6": 0.008056640625,
            "7": 0.008056640625,
            "8": 0.008056640625,
            "9": 0.008056640625,
            "10": 0.008056640625,
            "11": 0.008056640625,
            "12": 0.008056640625,
            "13": 0.008056640625,
            "14": 0.008056640625,
            "15": 0.008056640625,
            "16": 0.008056640625,
            "17": 0.008056640625,
            "18": 0.008056640625,
            "19": 0.008056640625,
            "20": 0.008056640625,
            "21": 0.0166015625,
            "22": 0.0166015625,
            "23": 0.0166015625,
            "24": 0.0166015625,
            "25": 0.0166015625,
            "26": 2.068056640625,
            "27": 0.0166015625,
            "28": 0.0166015625,
            "29": 0.0166015625,
            "30": 0.0166015625,
            "31": 0.0166015625,
            "32": 0.0166015625,
            "33": 0.0166015625,
            "34": 0.0166015625,
            "35": 0.0166015625,
            "36": 0.0166015625,
            "37": 0.0166015625,
            "38": 1.548056640625,
            "39": 0.0166015625,
            "40": 0.0166015625,
            "41": 0.0166015625,
            "42": 3.418056640625,
            "43": 0.0166015625,
            "44": 0.0166015625,
            "45": 0.0166015625,
            "46": 0.0166015625,
            "47": 0.0166015625,
            "48": 0.0166015625,
            "49": 0.0166015625,
            "50": 0.0166015625,
            "51": 0.0166015625,
            "52": 0.0166015625,
            "53": 0.0166015625,
            "54": 0.0166015625,
            "55": 0.0166015625,
            "56": 3.418056640625,
            "57": 0.0166015625,
            "58": 0.0166015625,
            "59": 0.0166015625,
            "60": 3.9380566406249997,
            "61": 0.0166015625,
            "62": 0.0166015625,
            "63": 0.0166015625,
            "64": 0.0166015625,
            "65": 1.548056640625,
            "66": 0.0166015625,
            "67": 0.0166015625,
            "68": 0.0166015625,
            "69": 0.0166015625,
            "70": 0.0166015625,
            "71": 0.0166015625,
            "72": 0.0166015625,
            "73": 0.0166015625,
            "74": 0.0166015625,
            "75": 0.0166015625,
            "76": 0.0166015625,
            "77": 0.0166015625,
            "78": 0.0166015625,
            "79": 0.0166015625,
            "80": 0.0166015625,
            "81": 0.0166015625,
            "82": 0.0166015625,
            "83": 0.0166015625,
            "84": 0.0166015625,
            "85": 0.0166015625,
            "86": 0.0166015625,
            "87": 0.0166015625,
            "88": 0.0166015625,
            "89": 0.0166015625,
            "90": 0.0166015625,
            "91": 0.0166015625,
            "92": 0.0166015625,
            "93": 0.0166015625,
            "94": 0.0166015625,
            "95": 1.548056640625,
            "96": 0.0166015625,
            "97": 0.0166015625,
            "98": 0.0166015625,
            "99": 0.0166015625,
            "100": 0.0166015625,
            "101": 0.0166015625,
            "102": 0.0166015625,
            "103": 0.0166015625,
            "104": 0.0166015625,
            "105": 0.0166015625,
            "106": 0.0166015625,
            "107": 0.0166015625,
            "108": 0.0166015625,
            "109": 0.0166015625,
            "110": 2.068056640625,
            "111": 0.0166015625,
            "112": 0.0166015625,
            "113": 0.0166015625,
            "114": 0.0166015625,
            "115": 0.0166015625,
            "116": 0.0166015625,
            "117": 0.0166015625,
            "118": 0.0166015625,
            "119": 0.0166015625,
            "120": 0.0166015625,
            "121": 0.0166015625,
            "122": 0.0166015625,
            "123": 0.0166015625,
            "124": 0.0166015625,
            "125": 0.0166015625,
            "126": 0.0166015625,
            "127": 0.0166015625,
            "128": 0.0166015625,
            "129": 0.0166015625,
            "130": 0.0166015625,
            "131": 0.0166015625,
            "132": 0.0166015625,
            "133": 0.0166015625,
            "134": 0.0166015625,
            "135": 0.0166015625,
            "136": 0.0166015625,
            "137": 0.0166015625,
            "138": 2.068056640625,
            "139": 0.0166015625,
            "140": 0.0166015625,
            "141": 0.0166015625,
            "142": 0.0166015625,
            "143": 0.0166015625,
            "144": 0.0166015625,
            "145": 0.0166015625,
            "146": 0.0166015625,
            "147": 0.0166015625,
            "148": 0.0166015625,
            "149": 0.0166015625,
            "150": 0.0166015625,
            "151": 0.0166015625,
            "152": 0.0166015625,
            "153": 0.0166015625,
            "154": 0.0166015625,
            "155": 0.0166015625,
            "156": 3.418056640625,
            "157": 0.0166015625,
            "158": 0.0166015625,
            "159": 0.0166015625,
            "160": 0.0166015625,
            "161": 0.0166015625,
            "162": 0.0166015625,
            "163": 0.0166015625,
            "164": 0.0166015625,
            "165": 0.0166015625,
            "166": 0.0166015625,
            "167": 0.0166015625,
            "168": 0.0166015625,
            "169": 0.0166015625,
            "170": 0.0166015625,
            "171": 0.0166015625,
            "172": 0.0166015625,
            "173": 0.0166015625,
            "174": 0.0166015625,
            "175": 0.0166015625,
            "176": 0.0166015625,
            "177": 0.0166015625,
            "178": 0.0166015625,
            "179": 0.0166015625,
            "180": 0.0166015625,
            "181": 0.0166015625,
            "182": 0.0166015625,
            "183": 0.0166015625,
            "184": 0.0166015625,
            "185": 0.0166015625,
            "186": 0.0166015625,
            "187": 0.0166015625,
            "188": 0.0166015625,
            "189": 0.0166015625,
            "190": 0.0166015625,
            "191": 0.0166015625,
            "192": 0.0166015625,
            "193": 0.0166015625,
            "194": 0.0166015625,
            "195": 0.0166015625,
            "196": 0.0166015625,
            "197": 3.9380566406249997,
            "198": 0.0166015625,
            "199": 0.0166015625,
            "200": 0.0166015625,
            "201": 0.0166015625,
            "202": 0.0166015625,
            "203": 0.0166015625,
            "204": 0.0166015625,
            "205": 0.0166015625,
            "206": 0.0166015625,
            "207": 2.068056640625,
            "208": 0.0166015625,
            "209": 0.0166015625,
            "210": 0.0166015625,
            "211": 0.0166015625,
            "212": 0.0166015625,
            "213": 0.0166015625,
            "214": 0.0166015625,
            "215": 0.0166015625,
            "216": 0.0166015625,
            "217": 0.0166015625,
            "218": 0.0166015625,
            "219": 0.0166015625,
            "220": 0.0166015625,
            "221": 0.0166015625,
            "222": 0.0166015625,
            "223": 2.5780566406250003,
            "224": 4.4480566406249995,
            "225": 0.0166015625,
            "226": 4.968056640625,
            "227": 0.0166015625,
            "228": 0.0166015625,
            "229": 2.5780566406250003,
            "230": 0.0166015625,
            "231": 0.0166015625,
            "232": 0.0166015625,
            "233": 0.0166015625,
            "234": 0.0166015625,
            "235": 0.0166015625,
            "236": 0.0166015625,
            "237": 0.0166015625,
            "238": 0.0166015625,
            "239": 0.0166015625,