{
    "worsening_limit_1000.0": {
        "aggregation": 30,
        "latency": 90.60292968750004,
        "RU_latency": {
            "1": 0.008056640625,
            "2": 0.008056640625,
            "3": 0.008056640625,
            "4": 0.008056640625,
            "5": 0.008056640625,
            "6": 0.008056640625,
            "7": 0.008056640625,
            "8": 0.008056640625,
            "9": 0.008056640625,
            "10": 0.008056640625,
            "11": 0.008056640625,
            "12": 0.008056640625,
            "13": 0.008056640625,
            "14": 0.008056640625,
            "15": 0.008056640625,
            "16": 0.008056640625,
            "17": 0.008056640625,
            "18": 0.008056640625,
            "19": 0.008056640625,
            "20": 0.008056640625,
            "21": 0.0166015625,
            "22": 0.0166015625,
            "23": 3.418056640625,
            "24": 0.0166015625,
            "25": 0.0166015625,
            "26": 0.0166015625,
            "27": 0.0166015625,
            "28": 0.0166015625,
            "29": 6.238056640625,
            "30": 0.0166015625,
            "31": 0.0166015625,
            "32": 0.0166015625,
            "33": 0.0166015625,
            "34": 6.238056640625,
            "35": 0.0166015625,
            "36": 3.418056640625,
            "37": 0.0166015625,
            "38": 0.0166015625,
            "39": 0.0166015625,
            "40": 0.0166015625,
            "41": 6.238056640625,
            "42": 0.0166015625,
            "43": 0.0166015625,
            "44": 0.0166015625,
            "45": 0.0166015625,
            "46": 0.0166015625,
            "47": 0.0166015625,
            "48": 0.0166015625,
            "49": 6.238056640625,
            "50": 0.0166015625,
            "51": 0.0166015625,
            "52": 0.0166015625,
            "53": 0.0166015625,
            "54": 0.0166015625,
            "55": 0.0166015625,
            "56": 0.0166015625,
            "57": 0.0166015625,
            "58": 0.0166015625,
            "59": 3.418056640625,
            "60": 6.238056640625,
            "61": 0.0166015625,
            "62": 0.0166015625,
            "63": 6.238056640625,
            "64": 6.238056640625,
            "65": 0.0166015625,
            "66": 0.0166015625,
            "67": 0.0166015625,
            "68": 0.0166015625,
            "69": 0.0166015625,
            "70": 0.0166015625,
            "71": 0.0166015625,
            "72": 0.0166015625,
            "73": 0.0166015625,
            "74": 6.238056640625,
            "75": 0.0166015625,
            "76": 6.238056640625,
            "77": 0.0166015625,
            "78": 0.0166015625,
            "79": 0.0166015625,
            "80": 0.0166015625,
            "81": 6.238056640625,
            "82": 0.0166015625,
            "83": 0.0166015625,
            "84": 0.0166015625,
            "85": 0.0166015625,
            "86": 4.368056640625,
            "87": 0.0166015625,
            "88": 6.238056640625,
            "89": 6.238056640625,
            "90": 0.0166015625,
            "91": 0.0166015625,
            "92": 0.0166015625,
            "93": 0.0166015625,
            "94": 0.0166015625
        }
    }
}