{
    "worsening_limit_1000_best_solution": {
        "aggregation": 104,
        "latency": 299.8192968749999,
        "RU_latency": {
            "1": 0.0166015625,
            "2": 5.8066015625,
            "3": 5.8066015625,
            "4": 2.0866015625,
            "5": 5.8066015625,
            "6": 0.0166015625,
            "7": 5.8066015625,
            "8": 5.8066015625,
            "9": 1.0266015625,
            "10": 6.6666015625,
            "11": 1.0266015625,
            "12": 6.6666015625,
            "13": 1.0266015625,
            "14": 6.6666015625,
            "15": 6.8166015625,
            "16": 6.6666015625,
            "17": 6.8166015625,
            "18": 6.6666015625,
            "19": 1.0266015625,
            "20": 6.6666015625,
            "21": 6.8166015625,
            "22": 8.7366015625,
            "23": 1.0266015625,
            "24": 1.0266015625,
            "25": 1.0266015625,
            "26": 6.6666015625,
            "27": 6.6666015625,
            "28": 6.8166015625,
            "29": 6.6666015625,
            "30": 1.0266015625,
            "31": 1.0266015625,
            "32": 1.0266015625,
            "33": 1.0266015625,
            "34": 6.6666015625,
            "35": 6.6666015625,
            "36": 6.6666015625,
            "37": 1.0266015625,
            "38": 1.0266015625,
            "39": 6.6666015625,
            "40": 1.0266015625,
            "41": 8.7366015625,
            "42": 1.0266015625,
            "43": 8.7366015625,
            "44": 6.6666015625,
            "45": 7.6766015625,
            "46": 6.6666015625,
            "47": 6.6666015625,
            "48": 6.6666015625,
            "49": 6.6666015625,
            "50": 6.8166015625,
            "51": 6.6666015625,
            "52": 1.0266015625,
            "53": 1.0266015625,
            "54": 6.6666015625,
            "55": 6.8166015625,
            "56": 6.6666015625,
            "57": 6.6666015625,
            "58": 8.7366015625,
            "59": 6.6666015625,
            "60": 6.6666015625,
            "61": 1.0266015625,
            "62": 6.6666015625
        }
    }
}