{
    "worsening_limit_0.5": {
        "aggregation": 0,
        "latency": 0.567626953125,
        "RU_latency": {
            "1": 0.008056640625,
            "2": 0.0166015625,
            "3": 0.03515625,
            "4": 0.0166015625,
            "5": 0.0166015625,
            "6": 0.0166015625,
            "7": 0.0166015625,
            "8": 0.03515625,
            "9": 0.0166015625,
            "10": 0.0166015625,
            "11": 0.0166015625,
            "12": 0.03515625,
            "13": 0.0166015625,
            "14": 0.0166015625,
            "15": 0.0166015625,
            "16": 0.03515625,
            "17": 0.0166015625,
            "18": 0.0166015625,
            "19": 0.0166015625,
            "20": 0.03515625,
            "21": 0.0166015625,
            "22": 0.0166015625,
            "23": 0.0166015625,
            "24": 0.03515625,
            "25": 0.0166015625,
            "26": 0.0166015625,
            "27": 0.0166015625,
            "28": 0.0166015625
        }
    },
    "worsening_limit_1.0": {
        "aggregation": 0,
        "latency": 0.567626953125,
        "RU_latency": {
            "1": 0.008056640625,
            "2": 0.0166015625,
            "3": 0.03515625,
            "4": 0.0166015625,
            "5": 0.0166015625,
            "6": 0.0166015625,
            "7": 0.0166015625,
            "8": 0.03515625,
            "9": 0.0166015625,
            "10": 0.0166015625,
            "11": 0.0166015625,
            "12": 0.03515625,
            "13": 0.0166015625,
            "14": 0.0166015625,
            "15": 0.0166015625,
            "16": 0.03515625,
            "17": 0.0166015625,
            "18": 0.0166015625,
            "19": 0.0166015625,
            "20": 0.03515625,
            "21": 0.0166015625,
            "22": 0.0166015625,
            "23": 0.0166015625,
            "24": 0.03515625,
            "25": 0.0166015625,
            "26": 0.0166015625,
            "27": 0.0166015625,
            "28": 0.0166015625
        }
    },
    "worsening_limit_1.5": {
        "aggregation": 0,
        "latency": 0.567626953125,
        "RU_latency": {
            "1": 0.008056640625,
            "2": 0.0166015625,
            "3": 0.03515625,
            "4": 0.0166015625,
            "5": 0.0166015625,
            "6": 0.0166015625,
            "7": 0.0166015625,
            "8": 0.03515625,
            "9": 0.0166015625,
            "10": 0.0166015625,
            "11": 0.0166015625,
            "12": 0.03515625,
            "13": 0.0166015625,
            "14": 0.0166015625,
            "15": 0.0166015625,
            "16": 0.03515625,
            "17": 0.0166015625,
            "18": 0.0166015625,
            "19": 0.0166015625,
            "20": 0.03515625,
            "21": 0.0166015625,
            "22": 0.0166015625,
            "23": 0.0166015625,
            "24": 0.03515625,
            "25": 0.0166015625,
            "26": 0.0166015625,
            "27": 0.0166015625,
            "28": 0.0166015625
        }
    },
    "worsening_limit_2.0": {
        "aggregation": 0,
        "latency": 0.567626953125,
        "RU_latency": {
            "1": 0.008056640625,
            "2": 0.0166015625,
            "3": 0.03515625,
            "4": 0.0166015625,
            "5": 0.0166015625,
            "6": 0.0166015625,
            "7": 0.0166015625,
            "8": 0.03515625,
            "9": 0.0166015625,
            "10": 0.0166015625,
            "11": 0.0166015625,
            "12": 0.03515625,
            "13": 0.0166015625,
            "14": 0.0166015625,
            "15": 0.0166015625,
            "16": 0.03515625,
            "17": 0.0166015625,
            "18": 0.0166015625,
            "19": 0.0166015625,
            "20": 0.03515625,
            "21": 0.0166015625,
            "22": 0.0166015625,
            "23": 0.0166015625,
            "24": 0.03515625,
            "25": 0.0166015625,
            "26": 0.0166015625,
            "27": 0.0166015625,
            "28": 0.0166015625
        }
    },
    "worsening_limit_2.5": {
        "aggregation": 0,
        "latency": 0.567626953125,
        "RU_latency": {
            "1": 0.008056640625,
            "2": 0.0166015625,
            "3": 0.03515625,
            "4": 0.0166015625,
            "5": 0.0166015625,
            "6": 0.0166015625,
            "7": 0.0166015625,
            "8": 0.03515625,
            "9": 0.0166015625,
            "10": 0.0166015625,
            "11": 0.0166015625,
            "12": 0.03515625,
            "13": 0.0166015625,
            "14": 0.0166015625,
            "15": 0.0166015625,
            "16": 0.03515625,
            "17": 0.0166015625,
            "18": 0.0166015625,
            "19": 0.0166015625,
            "20": 0.03515625,
            "21": 0.0166015625,
            "22": 0.0166015625,
            "23": 0.0166015625,
            "24": 0.03515625,
            "25": 0.0166015625,
            "26": 0.0166015625,
            "27": 0.0166015625,
            "28": 0.0166015625
        }
    },
    "worsening_limit_3.0": {
        "aggregation": 6,
        "latency": 11.976337890625,
        "RU_latency": {
            "1": 0.008056640625,
            "2": 0.0166015625,
            "3": 0.03515625,
            "4": 0.0166015625,
            "5": 0.0166015625,
            "6": 0.0166015625,
            "7": 0.0166015625,
            "8": 0.03515625,
            "9": 0.0166015625,
            "10": 2.878056640625,
            "11": 0.0166015625,
            "12": 0.03515625,
            "13": 0.0166015625,
            "14": 0.0166015625,
            "15": 0.0166015625,
            "16": 0.03515625,
            "17": 0.0166015625,
            "18": 0.0166015625,
            "19": 0.0166015625,
            "20": 2.878056640625,
            "21": 0.0166015625,
            "22": 0.0166015625,
            "23": 0.0166015625,
            "24": 2.878056640625,
            "25": 0.0166015625,
            "26": 0.0166015625,
            "27": 0.0166015625,
            "28": 2.878056640625
        }
    },
    "worsening_limit_3.5": {
        "aggregation": 6,
        "latency": 11.976337890625,
        "RU_latency": {
            "1": 0.008056640625,
            "2": 0.0166015625,
            "3": 0.03515625,
            "4": 0.0166015625,
            "5": 0.0166015625,
            "6": 0.0166015625,
            "7": 0.0166015625,
            "8": 0.03515625,
            "9": 0.0166015625,
            "10": 2.878056640625,
            "11": 0.0166015625,
            "12": 0.03515625,
            "13": 0.0166015625,
            "14": 0.0166015625,
            "15": 0.0166015625,
            "16": 0.03515625,
            "17": 0.0166015625,
            "18": 0.0166015625,
            "19": 0.0166015625,
            "20": 2.878056640625,
            "21": 0.0166015625,
            "22": 0.0166015625,
            "23": 0.0166015625,
            "24": 2.878056640625,
            "25": 0.0166015625,
            "26": 0.0166015625,
            "27": 0.0166015625,
            "28": 2.878056640625
        }
    },
    "worsening_limit_4.0": {
        "aggregation": 6,
        "latency": 11.976337890625,
        "RU_latency": {
            "1": 0.008056640625,
            "2": 0.0166015625,
            "3": 0.03515625,
            "4": 0.0166015625,
            "5": 0.0166015625,
            "6": 0.0166015625,
            "7": 0.0166015625,
            "8": 0.03515625,
            "9": 0.0166015625,
            "10": 2.878056640625,
            "11": 0.0166015625,
            "12": 0.03515625,
            "13": 0.0166015625,
            "14": 0.0166015625,
            "15": 0.0166015625,
            "16": 0.03515625,
            "17": 0.0166015625,
            "18": 0.0166015625,
            "19": 0.0166015625,
            "20": 2.878056640625,
            "21": 0.0166015625,
            "22": 0.0166015625,
            "23": 0.0166015625,
            "24": 2.878056640625,
            "25": 0.0166015625,