{
    "worsening_limit_0.5": {
        "aggregation": 0,
        "latency": 0.90625,
        "RU_latency": {
            "1": 0.0166015625,
            "2": 0.0166015625,
            "3": 0.0166015625,
            "4": 0.0166015625,
            "5": 0.0166015625,
            "6": 0.0166015625,
            "7": 0.0166015625,
            "8": 0.0166015625,
            "9": 0.03515625,
            "10": 0.03515625,
            "11": 0.03515625,
            "12": 0.03515625,
            "13": 0.03515625,
            "14": 0.03515625,
            "15": 0.03515625,
            "16": 0.03515625,
            "17": 0.03515625,
            "18": 0.03515625,
            "19": 0.03515625,
            "20": 0.03515625,
            "21": 0.03515625,
            "22": 0.03515625,
            "23": 0.03515625,
            "24": 0.03515625,
            "25": 0.03515625,
            "26": 0.03515625,
            "27": 0.03515625,
            "28": 0.03515625,
            "29": 0.03515625,
            "30": 0.03515625
        }
    },
    "worsening_limit_1.0": {
        "aggregation": 0,
        "latency": 0.90625,
        "RU_latency": {
            "1": 0.0166015625,
            "2": 0.0166015625,
            "3": 0.0166015625,
            "4": 0.0166015625,
            "5": 0.0166015625,
            "6": 0.0166015625,
            "7": 0.0166015625,
            "8": 0.0166015625,
            "9": 0.03515625,
            "10": 0.03515625,
            "11": 0.03515625,
            "12": 0.03515625,
            "13": 0.03515625,
            "14": 0.03515625,
            "15": 0.03515625,
            "16": 0.03515625,
            "17": 0.03515625,
            "18": 0.03515625,
            "19": 0.03515625,
            "20": 0.03515625,
            "21": 0.03515625,
            "22": 0.03515625,
            "23": 0.03515625,
            "24": 0.03515625,
            "25": 0.03515625,
            "26": 0.03515625,
            "27": 0.03515625,
            "28": 0.03515625,
            "29": 0.03515625,
            "30": 0.03515625
        }
    },
    "worsening_limit_1.5": {
        "aggregation": 0,
        "latency": 0.90625,
        "RU_latency": {
            "1": 0.0166015625,
            "2": 0.0166015625,
            "3": 0.0166015625,
            "4": 0.0166015625,
            "5": 0.0166015625,
            "6": 0.0166015625,
            "7": 0.0166015625,
            "8": 0.0166015625,
            "9": 0.03515625,
            "10": 0.03515625,
            "11": 0.03515625,
            "12": 0.03515625,
            "13": 0.03515625,
            "14": 0.03515625,
            "15": 0.03515625,
            "16": 0.03515625,
            "17": 0.03515625,
            "18": 0.03515625,
            "19": 0.03515625,
            "20": 0.03515625,
            "21": 0.03515625,
            "22": 0.03515625,
            "23": 0.03515625,
            "24": 0.03515625,
            "25": 0.03515625,
            "26": 0.03515625,
            "27": 0.03515625,
            "28": 0.03515625,
            "29": 0.03515625,
            "30": 0.03515625
        }
    },
    "worsening_limit_2.0": {
        "aggregation": 0,
        "latency": 0.90625,
        "RU_latency": {
            "1": 0.0166015625,
            "2": 0.0166015625,
            "3": 0.0166015625,
            "4": 0.0166015625,
            "5": 0.0166015625,
            "6": 0.0166015625,
            "7": 0.0166015625,
            "8": 0.0166015625,
            "9": 0.03515625,
            "10": 0.03515625,
            "11": 0.03515625,
            "12": 0.03515625,
            "13": 0.03515625,
            "14": 0.03515625,
            "15": 0.03515625,
            "16": 0.03515625,
            "17": 0.03515625,
            "18": 0.03515625,
            "19": 0.03515625,
            "20": 0.03515625,
            "21": 0.03515625,
            "22": 0.03515625,
            "23": 0.03515625,
            "24": 0.03515625,
            "25": 0.03515625,
            "26": 0.03515625,
            "27": 0.03515625,
            "28": 0.03515625,
            "29": 0.03515625,
            "30": 0.03515625
        }
    },
    "worsening_limit_2.5": {
        "aggregation": 6,
        "latency": 9.18625,
        "RU_latency": {
            "1": 2.0866015625,
            "2": 0.0166015625,
            "3": 2.0866015625,
            "4": 0.0166015625,
            "5": 2.0866015625,
            "6": 0.0166015625,
            "7": 2.0866015625,
            "8": 0.0166015625,
            "9": 0.03515625,
            "10": 0.03515625,
            "11": 0.03515625,
            "12": 0.03515625,
            "13": 0.03515625,
            "14": 0.03515625,
            "15": 0.03515625,
            "16": 0.03515625,
            "17": 0.03515625,
            "18": 0.03515625,
            "19": 0.03515625,
            "20": 0.03515625,
            "21": 0.03515625,
            "22": 0.03515625,
            "23": 0.03515625,
            "24": 0.03515625,
            "25": 0.03515625,
            "26": 0.03515625,
            "27": 0.03515625,
            "28": 0.03515625,
            "29": 0.03515625,
            "30": 0.03515625
        }
    },
    "worsening_limit_3.0": {
        "aggregation": 6,
        "latency": 9.18625,
        "RU_latency": {
            "1": 2.0866015625,
            "2": 0.0166015625,
            "3": 2.0866015625,
            "4": 0.0166015625,
            "5": 2.0866015625,
            "6": 0.0166015625,
            "7": 2.0866015625,
            "8": 0.0166015625,
            "9": 0.03515625,
            "10": 0.03515625,
            "11": 0.03515625,
            "12": 0.03515625,
            "13": 0.03515625,
            "14": 0.03515625,
            "15": 0.03515625,
            "16": 0.03515625,
            "17": 0.03515625,
            "18": 0.03515625,
            "19": 0.03515625,
            "20": 0.03515625,
            "21": 0.03515625,
            "22": 0.03515625,
            "23": 0.03515625,
            "24": 0.03515625,
            "25": 0.03515625,
            "26": 0.03515625,
            "27": 0.03515625,
            "28": 0.03515625,
            "29": 0.03515625,
            "30": 0.03515625
        }
    },
    "worsening_limit_3.5": {
        "aggregation": 14,
        "latency": 22.4234765625,
        "RU_latency": {
            "1": 2.0866015625,
            "2": 0.0166015625,
            "3": 2.0866015625,
            "4": 0.0166015625,
            "5": 2.0866015625,
            "6": 0.0166015625,
            "7": 0.0166015625,
            "8": 0.0166015625,
            "9": 0.03515625,
            "10": 0.03515625,
            "11": 0.03515625,
            "12": 0.03515625,
            "13": 3.0966015625,
            "14": 0.03515625,
            "15": 0.03515625,
            "16": 0.03515625,
            "17": 0.03515625,
            "18": 0.03515625,
            "19": 0.03515625,
            "20": 0.03515625,
            "21": 0.03515625,
            "22": 0.03515625,
            "23": 3.0966015625,
            "24": 0.03515625,
            "25": 3.0966015625,
            "26": 0.03515625,
            "27": 3.0966015625,
            "28": 0.03515625,
            "29": 3.0966015625,
            "30": 0.03515625
        }
    },
    "worsening_limit_4.0": {
        "aggregation": 14,
        "latency": 22.4234765625,
        "RU_latency": {
            "1": 2.0866015625,
            "2": 0.0166015625,
            "3": 2.0866015625,
            "4": 0.0166015625,
            "5": 2.0866015625,
            "6": 0.0166015625,
            "7": 0.0166015625,
            "8": 0.0166015625,
            "9": 0.03515625,
            "10": 0.03515625,
            "11": 0.03515625,
            "12": 0.03515625,
            "13": 3.0966015625,
            "14": 0.03515625,
            "15": 0.03515625,
            "16": 0.03515625,
            "17": 0.03515625,
            "18": 0.03515625,
            "19": 0.03515625,
            "20": 0.03515625,
            "21": 0.03515625,