{
    "worsening_limit_1000": {
        "aggregation": 30,
        "latency": 75.78417968750001,
        "RU_latency": {
            "1": 0.008056640625,
            "2": 0.008056640625,
            "3": 0.008056640625,
            "4": 0.008056640625,
            "5": 0.008056640625,
            "6": 0.008056640625,
            "7": 0.008056640625,
            "8": 0.008056640625,
            "9": 0.008056640625,
            "10": 0.008056640625,
            "11": 0.008056640625,
            "12": 0.008056640625,
            "13": 0.008056640625,
            "14": 0.008056640625,
            "15": 0.008056640625,
            "16": 0.008056640625,
            "17": 0.008056640625,
            "18": 0.008056640625,
            "19": 0.008056640625,
            "20": 0.008056640625,
            "21": 4.368056640625,
            "22": 0.0166015625,
            "23": 0.0166015625,
            "24": 0.0166015625,
            "25": 0.0166015625,
            "26": 4.368056640625,
            "27": 0.0166015625,
            "28": 0.0166015625,
            "29": 0.0166015625,
            "30": 0.0166015625,
            "31": 0.0166015625,
            "32": 0.0166015625,
            "33": 1.548056640625,
            "34": 0.0166015625,
            "35": 0.0166015625,
            "36": 0.0166015625,
            "37": 0.0166015625,
            "38": 0.0166015625,
            "39": 0.0166015625,
            "40": 0.0166015625,
            "41": 0.0166015625,
            "42": 3.418056640625,
            "43": 0.0166015625,
            "44": 0.0166015625,
            "45": 3.418056640625,
            "46": 0.0166015625,
            "47": 0.0166015625,
            "48": 0.0166015625,
            "49": 0.0166015625,
            "50": 0.0166015625,
            "51": 0.0166015625,
            "52": 0.0166015625,
            "53": 0.0166015625,
            "54": 0.0166015625,
            "55": 0.0166015625,
            "56": 0.0166015625,
            "57": 0.0166015625,
            "58": 0.0166015625,
            "59": 0.0166015625,
            "60": 3.418056640625,
            "61": 0.0166015625,
            "62": 0.0166015625,
            "63": 0.0166015625,
            "64": 0.0166015625,
            "65": 0.0166015625,
            "66": 0.0166015625,
            "67": 0.0166015625,
            "68": 0.0166015625,
            "69": 0.0166015625,
            "70": 0.0166015625,
            "71": 0.0166015625,
            "72": 0.0166015625,
            "73": 0.0166015625,
            "74": 0.0166015625,
            "75": 6.238056640625,
            "76": 0.0166015625,
            "77": 0.0166015625,
            "78": 0.0166015625,
            "79": 6.238056640625,
            "80": 6.238056640625,
            "81": 0.0166015625,
            "82": 0.0166015625,
            "83": 6.238056640625,
            "84": 0.0166015625,
            "85": 0.0166015625,
            "86": 0.0166015625,
            "87": 0.0166015625,
            "88": 0.0166015625,
            "89": 0.0166015625,
            "90": 0.0166015625,
            "91": 0.0166015625,
            "92": 0.0166015625,
            "93": 0.0166015625,
            "94": 3.418056640625,
            "95": 0.0166015625,
            "96": 0.0166015625,
            "97": 0.0166015625,
            "98": 0.0166015625,
            "99": 0.0166015625,
            "100": 0.0166015625,
            "101": 0.0166015625,
            "102": 0.0166015625,
            "103": 0.0166015625,
            "104": 0.0166015625,
            "105": 0.0166015625,
            "106": 0.0166015625,
            "107": 0.0166015625,
            "108": 0.0166015625,
            "109": 0.0166015625,
            "110": 0.0166015625,
            "111": 0.0166015625,
            "112": 0.0166015625,
            "113": 5.908056640625,
            "114": 4.438056640625,
            "115": 0.0166015625,
            "116": 0.0166015625,
            "117": 4.958056640625,
            "118": 0.0166015625,
            "119": 4.958056640625,
            "120": 0.0166015625,
            "121": 4.958056640625,
            "122": 0.0166015625,
            "123": 0.0166015625,
            "124": 0.0166015625,
            "125": 0.0166015625,
            "126": 0.0166015625
        }
    }
}