{
    "worsening_limit_1000_best_solution": {
        "aggregation": 50,
        "latency": 117.99804687500006,
        "RU_latency": {
            "1": 5.8066015625,
            "2": 0.0166015625,
            "3": 0.0166015625,
            "4": 0.0166015625,
            "5": 5.8066015625,
            "6": 2.0866015625,
            "7": 5.8066015625,
            "8": 2.0866015625,
            "9": 6.8166015625,
            "10": 6.6666015625,
            "11": 1.0266015625,
            "12": 6.6666015625,
            "13": 6.8166015625,
            "14": 6.6666015625,
            "15": 1.0266015625,
            "16": 6.6666015625,
            "17": 1.0266015625,
            "18": 6.6666015625,
            "19": 1.0266015625,
            "20": 6.6666015625,
            "21": 6.8166015625,
            "22": 6.6666015625,
            "23": 1.0266015625,
            "24": 1.0266015625,
            "25": 1.0266015625,
            "26": 6.6666015625,
            "27": 1.0266015625,
            "28": 6.6666015625,
            "29": 6.6666015625,
            "30": 1.0266015625
        }
    }
}