{
    "worsening_limit_1000_best_solution": {
        "aggregation": 170,
        "latency": 206.60732421875002,
        "RU_latency": {
            "1": 1.038056640625,
            "2": 1.038056640625,
            "3": 0.008056640625,
            "4": 2.908056640625,
            "5": 1.038056640625,
            "6": 1.038056640625,
            "7": 0.008056640625,
            "8": 2.908056640625,
            "9": 2.908056640625,
            "10": 0.008056640625,
            "11": 0.008056640625,
            "12": 2.908056640625,
            "13": 1.038056640625,
            "14": 0.008056640625,
            "15": 2.908056640625,
            "16": 2.908056640625,
            "17": 0.008056640625,
            "18": 1.038056640625,
            "19": 2.908056640625,
            "20": 2.908056640625,
            "21": 4.368056640625,
            "22": 3.418056640625,
            "23": 3.418056640625,
            "24": 3.418056640625,
            "25": 6.238056640625,
            "26": 6.238056640625,
            "27": 6.238056640625,
            "28": 6.238056640625,
            "29": 3.338056640625,
            "30": 0.518056640625,
            "31": 0.518056640625,
            "32": 3.338056640625,
            "33": 0.518056640625,
            "34": 3.338056640625,
            "35": 3.338056640625,
            "36": 0.518056640625,
            "37": 3.338056640625,
            "38": 3.338056640625,
            "39": 3.338056640625,
            "40": 0.518056640625,
            "41": 3.338056640625,
            "42": 0.518056640625,
            "43": 3.338056640625,
            "44": 3.338056640625,
            "45": 0.518056640625,
            "46": 0.518056640625,
            "47": 0.518056640625,
            "48": 0.518056640625,
            "49": 0.518056640625,
            "50": 0.518056640625,
            "51": 0.518056640625,
            "52": 3.338056640625,
            "53": 3.338056640625,
            "54": 0.518056640625,
            "55": 3.338056640625,
            "56": 0.518056640625,
            "57": 3.338056640625,
            "58": 0.518056640625,
            "59": 3.338056640625,
            "60": 0.518056640625,
            "61": 0.518056640625,
            "62": 0.518056640625,
            "63": 0.518056640625,
            "64": 0.518056640625,
            "65": 3.338056640625,
            "66": 0.518056640625,
            "67": 3.338056640625,
            "68": 0.518056640625,
            "69": 0.518056640625,
            "70": 3.338056640625,
            "71": 3.338056640625,
            "72": 0.518056640625,
            "73": 3.338056640625,
            "74": 3.338056640625,
            "75": 3.338056640625,
            "76": 3.338056640625,
            "77": 6.238056640625,
            "78": 1.548056640625,
            "79": 4.368056640625,
            "80": 6.238056640625,
            "81": 4.368056640625,
            "82": 3.418056640625,
            "83": 1.548056640625,
            "84": 3.418056640625,
            "85": 0.518056640625,
            "86": 3.338056640625,
            "87": 0.518056640625,
            "88": 0.518056640625,
            "89": 0.518056640625,
            "90": 0.518056640625,
            "91": 0.518056640625,
            "92": 0.518056640625,
            "93": 3.418056640625,
            "94": 6.238056640625
        }
    }
}